id	allele
436	A*03:01
436	A*66:01
436	B*07:02
436	B*58:02
436	C*06:02
436	C*07:02
436	DPB1*13:01
436	DPB1*40:01
436	DQB1*02:02
436	DQB1*03:01
436	DRB1*09:01
436	DRB1*12:01
437	A*03:01
437	A*32:01
437	B*35:01
437	B*35:03
437	C*04:01
437	C*07:02
437	DPB1*16:01
437	DPB1*34:01
437	DQB1*05:03
437	DQB1*05:03
437	DRB1*14:54
437	DRB1*14:54
439	A*03:01
439	A*31:01
439	B*35:02
439	B*38:01
439	C*04:01
439	C*12:03
439	DPB1*02:01
439	DPB1*04:01
439	DQB1*03:05
439	DQB1*06:03
439	DRB1*04:03
439	DRB1*13:01
440	A*30:01
440	A*32:01
440	B*13:02
440	B*44:02
440	C*05:01
440	C*06:02
440	DPB1*04:01
440	DPB1*10:01
440	DQB1*06:02
440	DQB1*06:03
440	DRB1*13:01
440	DRB1*15:01
447	A*24:02
447	A*68:02
447	B*07:02
447	B*57:03
447	C*07:01
447	C*07:02
447	DPB1*01:01
447	DPB1*04:02
447	DQB1*04:02
447	DQB1*06:02
447	DRB1*03:02
447	DRB1*15:01
448	A*23:17
448	A*23:17
448	B*44:03
448	B*45:01
448	C*04:01
448	C*16:01
448	DPB1*01:01
448	DPB1*01:01
448	DQB1*06:02
448	DQB1*06:03
448	DRB1*13:01
448	DRB1*15:03
450	A*01:01
450	A*32:01
450	B*44:02
450	B*44:05
450	C*02:02
450	C*05:01
450	DPB1*04:01
450	DPB1*04:01
450	DQB1*03:02
450	DQB1*05:01
450	DRB1*01:01
450	DRB1*04:01
451	A*02:01
451	A*33:03
451	B*27:05
451	B*35:01
451	C*02:02
451	C*04:01
451	DPB1*01:01
451	DPB1*03:01
451	DQB1*03:02
451	DQB1*06:02
451	DRB1*04:03
451	DRB1*15:03
452	A*01:01
452	A*03:01
452	B*07:02
452	B*08:01
452	C*07:01
452	C*07:02
452	DPB1*01:01
452	DPB1*04:01
452	DQB1*02:01
452	DQB1*03:02
452	DRB1*03:01
452	DRB1*04:04
455	A*02:01
455	A*26:01
455	B*35:08
455	B*38:01
455	C*04:01
455	C*12:03
455	DPB1*09:01
455	DPB1*10:01
455	DQB1*03:01
455	DQB1*03:01
455	DRB1*11:01
455	DRB1*11:04
459	A*30:02
459	A*33:03
459	B*44:03
459	B*51:01
459	C*04:01
459	C*18:02
459	DPB1*105:01
459	DPB1*85:01
459	DQB1*03:01
459	DQB1*06:02
459	DRB1*12:01
459	DRB1*15:03
462	A*30:02
462	A*74:01
462	B*15:03
462	B*35:01
462	C*02:10
462	C*04:01
462	DPB1*01:01
462	DPB1*18:01
462	DQB1*03:19
462	DQB1*06:08
462	DRB1*11:01
462	DRB1*13:01
470	A*01:01
470	A*29:01
470	B*07:05
470	B*08:01
470	C*07:01
470	C*15:05
470	DPB1*04:01
470	DPB1*334:01
470	DQB1*02:01
470	DQB1*05:01
470	DRB1*03:01
470	DRB1*10:01
471	A*01:01
471	A*29:02
471	B*07:02
471	B*37:01
471	C*06:02
471	C*07:02
471	DPB1*03:01
471	DPB1*04:01
471	DQB1*05:01
471	DQB1*06:02
471	DRB1*10:01
471	DRB1*15:01
473	A*02:01
473	A*68:02
473	B*15:10
473	B*45:01
473	C*03:04
473	C*16:01
473	DPB1*01:01
473	DPB1*01:01
473	DQB1*02:01
473	DQB1*02:01
473	DRB1*03:01
473	DRB1*12:01
475	A*02:01
475	A*02:01
475	B*15:01
475	B*39:01
475	C*03:04
475	C*07:02
475	DPB1*03:01
475	DPB1*04:01
475	DQB1*03:02
475	DQB1*04:02
475	DRB1*04:01
475	DRB1*08:01
478	A*02:01
478	A*11:01
478	B*38:01
478	B*51:01
478	C*12:03
478	C*12:03
478	DPB1*04:02
478	DPB1*04:02
478	DQB1*03:01
478	DQB1*05:01
478	DRB1*01:01
478	DRB1*11:04
480	A*02:01
480	A*11:01
480	B*38:01
480	B*51:01
480	C*07:76
480	C*12:03
480	DPB1*02:01
480	DPB1*04:02
480	DQB1*03:01
480	DQB1*05:01
480	DRB1*01:01
480	DRB1*11:04
5666	A*01:01
5666	A*25:01
5666	B*18:01
5666	B*57:34
5666	C*06:02
5666	C*12:03
5666	DPB1*04:01
5666	DPB1*17:01
5666	DQB1*02:02
5666	DQB1*03:01
5666	DRB1*07:01
5666	DRB1*13:05
603	A*01:01
603	A*02:01
603	B*08:01
603	B*44:02
603	C*05:01
603	C*07:01
603	DPB1*04:01
603	DPB1*04:01
603	DQB1*03:01
603	DQB1*03:03
603	DRB1*07:01
603	DRB1*12:01
604	A*24:02
604	A*31:01
604	B*13:02
604	B*40:01
604	C*03:04
604	C*06:02
604	DPB1*02:01
604	DPB1*04:01
604	DQB1*03:01
604	DQB1*06:02
604	DRB1*11:01
604	DRB1*15:01
606	A*03:01
606	A*26:01
606	B*38:01
606	B*38:01
606	C*12:03
606	C*12:03
606	DPB1*01:01
606	DPB1*02:01
606	DQB1*03:01
606	DQB1*06:03
606	DRB1*11:01
606	DRB1*13:01
607	A*01:01
607	A*01:01
607	B*08:01
607	B*45:01
607	C*06:02
607	C*07:01
607	DPB1*04:01
607	DPB1*16:01
607	DQB1*03:01
607	DQB1*05:01
607	DRB1*01:01
607	DRB1*04:01
608	A*24:02
608	A*30:01
608	B*13:02
608	B*35:01
608	C*04:01
608	C*06:02
608	DPB1*01:01
608	DPB1*04:02
608	DQB1*02:02
608	DQB1*03:02
608	DRB1*04:02
608	DRB1*07:01
609	A*02:01
609	A*32:01
609	B*15:50
609	B*18:04
609	C*03:03
609	C*12:03
609	DPB1*14:01
609	DPB1*23:01
609	DQB1*05:03
609	DQB1*06:02
609	DRB1*14:54
609	DRB1*15:01
611	A*29:02
611	A*32:01
611	B*27:05
611	B*44:03
611	C*02:02
611	C*16:01
611	DPB1*01:01
611	DPB1*04:01
611	DQB1*02:02
611	DQB1*03:03
611	DRB1*07:01
611	DRB1*09:01
612	A*33:03
612	A*68:01
612	B*07:02
612	B*51:01
612	C*07:02
612	C*14:02
612	DPB1*02:01
612	DPB1*04:02
612	DQB1*05:01
612	DQB1*06:03
612	DRB1*01:01
612	DRB1*13:01
613	A*24:02
613	A*30:02
613	B*18:01
613	B*44:02
613	C*05:01
613	C*07:04
613	DPB1*02:01
613	DPB1*04:01
613	DQB1*02:01
613	DQB1*03:01
613	DRB1*03:01
613	DRB1*11:01
616	A*01:01
616	A*33:01
616	B*14:02
616	B*39:01
616	C*04:01
616	C*08:02
616	DPB1*04:01
616	DPB1*04:01
616	DQB1*03:01
616	DQB1*05:01
616	DRB1*01:02
616	DRB1*11:01
667	A*02:01
667	A*23:01
667	B*15:10
667	B*53:01
667	C*03:04
667	C*04:01
667	DPB1*105:01
667	DPB1*105:01
667	DQB1*02:01
667	DQB1*06:02
667	DRB1*03:01
667	DRB1*11:01
669	A*33:01
669	A*33:01
669	B*44:03
669	B*44:03
669	C*02:02
669	C*03:03
669	DPB1*105:01
669	DPB1*17:01
669	DQB1*03:02
669	DQB1*05:02
669	DRB1*04:05
669	DRB1*16:02
670	A*02:11
670	A*11:01
670	B*40:06
670	B*40:06
670	C*15:02
670	C*15:02
670	DPB1*02:01
670	DPB1*04:01
670	DQB1*02:02
670	DQB1*06:01
670	DRB1*07:01
670	DRB1*15:01
672	A*02:01
672	A*29:02
672	B*35:03
672	B*44:03
672	C*12:03
672	C*16:01
672	DPB1*04:01
672	DPB1*11:01
672	DQB1*02:02
672	DQB1*05:03
672	DRB1*07:01
672	DRB1*14:54
673	A*02:02
673	A*32:01
673	B*15:16
673	B*35:02
673	C*04:01
673	C*14:02
673	DPB1*02:01
673	DPB1*104:01
673	DQB1*05:01
673	DQB1*06:03
673	DRB1*01:02
673	DRB1*11:04
